Component,Component,Test Case,TC Identifier,Test Type,Estimated Duration (min),Priority,Pass/Fail,LPS Ticket,Tester,Date,Test Name
Bundle Blacklist,Bundle Blacklist,,,,,,,,,,
Bundle Blacklist,,Test Group 1 - Blacklisting Modules,,,,,,,,,
Bundle Blacklist,,Add LPKGs module to Blacklist through System Setting (UI),1a,Functional,,5,,,,,BundleBlacklist#BlacklistModuleLPKG
Bundle Blacklist,,Add module JARs to Blacklist through System Setting (UI),1b,Functional,,5,,,,,BundleBlacklist#BlacklistModuleJar
Bundle Blacklist,,Add WARs file to Blacklist through System Setting (UI),1c,Functional,,4,,,,,BundleBlacklist#BlacklistModuleWar
Bundle Blacklist,,Remove module from the blacklist through System Settings (UI),1d,Functional,,5,,,,,BundleBlacklist#RemoveModuleFromBlacklist
Bundle Blacklist,,Add module to blacklist through OSGi config file at runtime,1e,Manual,,5,,,,,https://issues.liferay.com/browse/LRQA-53831
Bundle Blacklist,,Remove module from the blacklist through OSGi config file at runtime,1f,Manual,,5,,,,,https://issues.liferay.com/browse/LRQA-53832
Bundle Blacklist,,Add and remove module between restarts,1g,Integration,-,4,,,,,BundleBlacklistTest#testAddToAndRemoveFromBlacklist
Bundle Blacklist,,Delete configuration file from the OSGi configs folder at runtime,1h,Manual,,4,,,,,https://issues.liferay.com/browse/LRQA-53833
Bundle Blacklist,,Shutdown and delete configuration file from the OSGi configs folder,1i,Integration,-,4,,,,,BundleBlacklistVerifyReinstalledTest
Bundle Blacklist,,Export bundle blacklist config file into OSGi configs folder,1j,Manual,,4,,,,,https://issues.liferay.com/browse/LRQA-53834
Bundle Blacklist,,Reinstall all blacklisted modules,1k,Manual,,3,,,,,
Bundle Blacklist,,Test Group 2 - Blacklisting Components,,,,,,,,,
Bundle Blacklist,,Add component to blacklist through System Settings (UI),2a,Functional,,4,,,,,BundleBlacklist#BlacklistComponent
Bundle Blacklist,,Remove component from the blacklist through System Settings (UI),2b,Manual,,3,,,,,
Bundle Blacklist,,Add component to blacklist through OSGi configs file,2c,Manual,,4,,,,,https://issues.liferay.com/browse/LRQA-53835
Bundle Blacklist,,Remove component from blacklist through OSGi configs file,2d,Manual,,3,,,,,
Bundle Blacklist,,Delete component blacklist config file OSGi configs folder,2e,Manual,,3,,,,,
Bundle Blacklist,,Shutdown and delete component blacklist config file from OSGi configs folder,2f,Manual,,3,,,,,
Bundle Blacklist,,Export component blacklist config file into OSGi configs folder,2h,Manual,,3,,,,,
Clustering,Clustering,,,,,,,,,,
Clustering,,Test Group 1 - Cluster Link,,,,,,,,,
Clustering,,Portal Properties(cluster.link.enabled),1a,Functional,-,5,,,,,ClusteringLink#ClusteringLinkPortalProperties
Clustering,,Portal Properties(cluster.link.channel.name),1b,Functional,-,4,,,,,ClusteringLink#ClusteringLinkPortalProperties
Clustering,,Portal Properties(cluster.link.channel.properties),1c,Functional,-,4,,,,,ClusteringLink#ClusteringLinkPortalProperties
Clustering,,Portal Properties(cluster.link.autodetect.address),1d,Functional,-,4,,,,,ClusteringLink#ClusteringLinkPortalProperties
Clustering,,Topology Structure 1,1e,Manual,30,3,,,,,
Clustering,,Topology Structure 2,1f,Manual,30,3,,,,,
Clustering,,Invoke Methods 1 (Invoke methods in portal kernel),1g,Manual,35,3,,,,,
Clustering,,Invoke Methods 2 (Invoke methods in modules),1h,Manual,35,3,,,,,
Clustering,,Invoke Methods 3 (Invoke methods of portal kernel on master),1i,Manual,35,3,,,,,
Clustering,,Invoke Methods 4 (Invoke methods of modules on master),1j,Manual,30,3,,,,,
Clustering,,Test Group 2 - Cluster + Cache Replication,,,,,,,,,
Clustering,,Replicate by copy,2a,Manual,35,3,,,,,https://issues.liferay.com/browse/LRQA-42939
Clustering,,Replicate by remove,2b,Manual,35,3,,,,,https://issues.liferay.com/browse/LRQA-42944
Clustering,,Do not replicate put,2c,Manual,35,3,,,,,
Clustering,,Test Group 3 - REMOVED,,,,,,,,,
Clustering,,Test Group 4 - Cluster + Scheduler,,,,,,,,,
Clustering,,Persistent jobs,4a,Manual,30,4,,,,,https://issues.liferay.com/browse/LRQA-53828
Clustering,,Memory clustered jobs 1,4b,Manual,30,4,,,,,https://issues.liferay.com/browse/LRQA-42947
Clustering,,Memory clustered jobs 2,4c,Manual,30,3,,,,,Not automatable
Clustering,,Memory jobs,4d,Manual,30,3,,,,,
Clustering,,Test Group 5 - Cluster + Live Users,,,,,,,,,
Clustering,,Live Users,5a,Functional,-,4,,,,,Clustering#ValidateLiveUsers
Clustering,,Test Group 6 - Cluster + Search,,,,,,,,,
Clustering,,INCOMPLETE Search,6,Manual,,2,,,,,
Clustering,,Test Group 7 - Cluster + OSGi Bundle Configuration,,,,,,,,,
Clustering,,INCOMPLETE OSGi Bundle Configuration,7,Manual,,2,,,,,
Clustering,,Test Group 8 - Cluster + Missing Plugins,,,,,,,,,
Clustering,,Cache replication by copy,8a,Functional,-,4,,,,,ClusteringMissingPlugins#CacheReplicationbyCopy
Clustering,,Scheduler 1,8c,Functional,-,4,,,,,ClusteringMissingPlugins#ScheduleJobOnClusterNode1
Clustering,,Scheduler 2,8d,Functional,-,4,,,,,ClusteringMissingPlugins#ScheduleJobOnAllClusterNodes
Clustering,,Test Group 9 - JGroups Configs,,,,,,,,,
Clustering,,JDBC_PING,9a,Functional,25,5,,,,,ClusteringConfigs#StartupJDBCPING 
Clustering,,UDP,9b,Manual,25,3,,,,,
Clustering,,TCP,9c,Manual,25,3,,,,,
Clustering,,TCP_PING,9d,Manual,25,3,,,,,
Clustering,,Test Group 10 - Session Replication,,,,,,,,,
Clustering,,Session replicated between nodes (LPS-72911),10a,Manual,,3,,,,,
Clustering,,Shutdown module during replicated session (LPS-73732),10b,Manual,,3,,,,,
Clustering,,Test Group 11 - Startup Scenarios,,,,,,,,,
Clustering,,Servers with existing osgi/state (LPS-90295),11a,Manual,,4,,,,,
Clustering,,Test Group 12 - Portal Database Content,,,,,,,,,
Clustering,,Add and Delete Blog Entries on different nodes,12a,Functional,,4,,,,,Clustering#AddAndDeleteBlogEntriesOnSeparateNodes
Clustering,,View Document on different nodes,12b,Functional,,4,,,,,Clustering#ValidateDocumentOnSeparateNodes
Config Admin,Config Admin,,,,,,,,,,
Config Admin,,Test Group 1 - Database (Persistence),,,,,,,,,
Config Admin,,Confirm bundle activator registration,1a,Integration,-,,,,,,ConfigurationPersistenceManagerTest#testConfigurationPersistenceManager
Config Admin,,Assert methods with Factory Configuration,1b,Integration,-,,,,,,ConfigurationPersistenceManagerTest#testCreateFactoryConfiguration
Config Admin,,Exists,1c,Integration,-,,,,,,ConfigurationPersistenceManagerTest#testExists
Config Admin,,Get Configuration,1d,Integration,-,,,,,,ConfigurationPersistenceManagerTest#testGetConfiguration
Config Admin,,Test Group 2 - Migration tool warnings,,,,,,,,,
Config Admin,,Migration Tool warning system for portal property,2a,Integration,-,,,,,,VerifyProperties#testModularizedPortalKeys
Config Admin,,Migration Tool warning system for system property,2b,Manual,,3,,,,,
Config Admin,,Test Group 3 - Configuration Extender,,,,,,,,,
Config Admin,,Factory Configuration,3a,Integration,-,,,,,,ConfiguratorExtenderTest#testFactoryConfiguration
Config Admin,,Factory configuration when another configuration is created,3b,Integration,-,,,,,,ConfiguratorExtenderTest#testFactoryConfigurationCreatesAnother
Config Admin,,Factory configuration with clashing factoryPid,3c,Integration,-,,,,,,ConfiguratorExtenderTest#testFactoryConfigurationWithClashingFactoryPid
Config Admin,,Factory configuration with clashing multiple contents,3d,Integration,-,,,,,,ConfiguratorExtenderTest#testFactoryConfigurationWithClashingMultipleContents
Config Admin,,Factory configuration with clashing multiple contents and different namespaces,3e,Integration,-,,,,,,ConfiguratorExtenderTest#testFactoryConfigurationWithClashingMultipleContentsAndDifferentNamespaces
Config Admin,,Single configuration,3f,Integration,-,,,,,,ConfiguratorExtenderTest#testSingleConfiguration
Config Admin,,Single configuration respects existing configuration,3g,Integration,-,,,,,,ConfiguratorExtenderTest#testSingleConfigurationRespectsExistingConfiguration
Config Admin,,Single configuration with clashing multiple contents,3h,Integration,-,,,,,,ConfiguratorExtenderTest#testSingleConfigurationWithClashingMultipleContents
Config Admin,,Single configuration with clashing multiple contents and different namespaces,3i,Integration,-,,,,,,ConfiguratorExtenderTest#testSingleConfigurationWithClashingMultipleContentsAndDifferentNamespaces
Config Admin,,Test single configuration with multiple contents,3j,Integration,-,,,,,,ConfiguratorExtenderTest#testSingleConfigurationWithMultipleContents
Config Admin,,Exception in supplier does stop configuration extension,3k,Integration,-,,,,,,ConfiguratorExtenderTest#testExceptionInSupplierDoesNotStopExtension
Config Admin,,Create Factory Configuration,3l,Integration,-,,,,,,ConfigurationDescriptionFactoryImplTest#testCreateFactoryConfiguration
Config Admin,,Returns null when not properties file named configuration content,3m,Integration,-,,,,,,ConfigurationDescriptionFactoryImplTest#testCreateReturnsNullWhenNotPropertiesFileNamedConfigurationContent
Config Admin,,Create Single Configuration,3n,Integration,-,,,,,,ConfigurationDescriptionFactoryImplTest#testCreateSingleConfiguration
Config Admin,,Create configuration path content factory,3o,Integration,-,,,,,,NamedConfigurationPathContentFactoryTest#testCreate
Config Admin,,Test configuration with multiple files path,3p,Integration,-,,,,,,NamedConfigurationPathContentFactoryTest#testCreateWithMultipleFiles
Config Admin,,Test configuration with nested directory,3q,Integration,-,,,,,,NamedConfigurationPathContentFactoryTest#testCreateWithNestedDirectory
Config Admin,,Test Group 4 - Configuration Cluster,,,,,,,,,
Config Admin,,SynchronousConfigurationListener,4a,Manual,,3,,,,,
Config Admin,,Test Group 5 - Persistence Manager Implementation,,,,,,,,,
Config Admin,,Store,5a,Manual,-,3,,,,,Needs unit test
Config Admin,,Get Dictionaries,5b,Manual,-,3,,,,,Needs unit test
Config Admin,,Exists,5c,Manual,-,3,,,,,Needs unit test
Config Admin,,Delete,5d,Manual,-,3,,,,,Needs unit test
Config Admin,,Load,5e,Manual,-,3,,,,,Needs unit test
Config Admin,,Reload,5f,Manual,-,3,,,,,Needs unit test
Config Admin,,Test Group 6 - Configuration Under Load,,,,,,,,,
Config Admin,,Creat full load,6a,Manual,20,3,,,,,
Config Admin,,Test Group 7 - Upgrade,,,,,,,,,
Config Admin,,Upgrade configuration files,7a,Manual,,4,,,,,
Config Admin,,Upgrade configuration table (LPS-89497),7b,Manual,,4,,,,,Bug still open
Config Admin,,Test Group 8 - Viewing Properties,,,,,,,,,
Config Admin,, View all Portal Properties in Portal UI,8a,Functional,,4,,,,,Serveradministration#ViewSystemAndPortalProperties
Config Admin,, View all System Properties in Portal UI,8b,Functional,,4,,,,,Serveradministration#ViewSystemAndPortalProperties
DB Upgrade Client,DB Upgrade Client,,,,,,,,,,
DB Upgrade Client,,Test Group 1 - Run DB Upgrade Client with specific properties set,,,,,,,,,
DB Upgrade Client,,Run DB Upgrade client with no properties set,1a,Functional,-,5,,,,,ant > check-upgrade-properties-none-set
DB Upgrade Client,,Run DB Upgrade client with only app-server and portal-upgrade-database properties set,1b,Functional,-,4,,,,,ant > check-upgrade-properties-app-db-set
DB Upgrade Client,,Run DB Upgrade client with only portal-upgrade-ext and portal-upgrade-database properties set,1c,Functional,-,3,,,,,ant > check-upgrade-properties-db-ext-set
DB Upgrade Client,,Run DB Upgrade client with only portal-upgrade-ext and app-server properties set,1d,Functional,-,3,,,,,ant > check-upgrade-properties-app-ext-set
DB Upgrade Client,,Test Group 2 - Run DB Upgrade Client in specific environments,,,,,,,,,
DB Upgrade Client,,Run DB Upgrade client in Java 7,2a,Functional,-,4,,,,,ant > check-upgrade-client-java-version
DB Upgrade Client,,Run DB Upgrade client in JBoss,2b,Functional,-,4,,,,,PortalSmokeUpgrade.testcase
DB Upgrade Client,,Run DB Upgrade client in WebSphere,2c,Functional,-,4,,,,,PortalSmokeUpgrade.testcase
DB Upgrade Client,,Run DB Upgrade client in WebLogic,2d,Functional,-,4,,,,,PortalSmokeUpgrade.testcase
DB Upgrade Client,,Run DB Upgrade client in Tomcat,2e,Functional,-,5,,,,,PortalSmokeUpgrade.testcase
DB Upgrade Client,,Run DB Upgrade client in Wildfly,2f,Functional,-,4,,,,,PortalSmokeUpgrade.testcase
DB Upgrade Client,,Run DB Upgrade client in tcServer (<= 7.1),2g,Functional,-,3,,,,,PortalSmokeUpgrade.testcase
DB Upgrade Client,,Test Group 3 - Run DB Upgrade client with specific parameters,,,,,,,,,
DB Upgrade Client,,Run DB Upgrade client with help parameter,3a,Functional,-,3,,,,,ant > check-upgrade-client-help
DB Upgrade Client,,Run DB Upgrade client with JVM parameters,3b,Functional,-,4,,,,,ant > check-upgrade-client-additional-settings
DB Upgrade Client,,Run DB Upgrade client with log file parameter,3c,Functional,-,4,,,,,ant > check-upgrade-client-custom-log
DB Upgrade Client,,Run DB Upgrade client with shell parameter using the jar,3d,Functional,-,4,,,,,ant > check-upgrade-client-gogoshell
DB Upgrade Client,,Run DB Upgrade script with shell parameter on Windows,3e,Manual,10,4,,,,,https://issues.liferay.com/browse/LRQA-53826
DB Upgrade Client,,Test Group 4 - Run DB Upgrade client with specific configurations,,,,,,,,,
DB Upgrade Client,,Run DB Upgrade client configured to run module upgrades individually,4a,Functional,-,5,,,,,ant > check-upgrade-client-upgrade-core-only
DB Upgrade Client,,Test Group 5 - Gogo shell,,,,,,,,,
DB Upgrade Client,,Check for help output ,5a,Manual,10,4,,,,,https://issues.liferay.com/browse/LRQA-53823
DB Upgrade Client,,Gogo shell connection after failed upgrade,5b,Functional,,4,,,,,ant > check-upgrade-client-gogoshell-failed-upgrade
DB Upgrade Client,,Gogo shell command output,5c,Manual,,4,,,,,https://issues.liferay.com/browse/LRQA-53825
DB Upgrade Client,,Test Group 6 - Upgrade over SSH connection,,,,,,,,,
DB Upgrade Client,,Disconnect and Reconnect to running upgrade,6a,Functional,-,5,,,,,ant > check-upgrade-client-sh-disconnect
DB Upgrade Client,,Gogo shell connection closed after failed upgrade,6b,Manual,20,2,,,,,
DB Upgrade Client,,Disconnect and Attempt to start a second upgrade process,6c,Functional,20,3,,,,,ant > check-upgrade-client-second-process
DB Upgrade Client,,Test Group 7 - Upgrade client distribution,,,,,,,,,
DB Upgrade Client,,Upgrade with standalone Upgrade client,7a,Functional,-,4,,,,,ant > check-upgrade-client-zip-content
DB Upgrade Client,,Upgrade with build-in Upgrade client,7b,Functional,-,5,,,,,PortalSmokeUpgrade.testcase
DL Stores,DL Stores,,,,,,,,,,
DL Stores,,Test Group 1 - Local Document Library Store,,,,,,,,,
DL Stores,,Test case 1a - Advanced File System Store,1a,Functional,,,,,,,DocumentLibraryStore#AdvancedFileSystemStoreSmoke
DL Stores,,Test case 1b - DBStore,1b,Functional,,,,,,,DocumentLibraryStore#DBStoreSmoke
DL Stores,,Test case 1c - File System Store,1c,Functional,,,,,,,DocumentLibraryStore#FileSystemStoreSmoke
DL Stores,,Test Group 2 - Cloud Stores,,,,,,,,,
DL Stores,,Test case 2a - Amazon S3 Store,2a,Manual,,3,,,,,
DL Stores,,Test case 2b - Google Cloud Store (LPS-89224),2b,Manual,,3,,,,,
Friendly URL,Friendly URL,,,,,,,,,,
Friendly URL,,Test Group 1 - Smoke Test Friendly URL,,,,,,,,,
Friendly URL,,Add Friendly URL,1a,Manual,,3,,,,,
Friendly URL,,Edit Friendly URL,1b,Manual,,4,,,,,FriendlyURL#EditFriendlyURL
Friendly URL,,Delete Friendly URL,1c,Functional,,5,,,,,Sites#DeleteSiteFriendlyURL
Friendly URL,,Test Group 2 - Validate Semantics Rules,,,,,,,,,
Friendly URL,,Verify Friendly URL with Special characters is normalized,2a,Functional,,3,,,,,Staging#ValidateFriendlyURLWithSpecialCharacters
Friendly URL,,Verify Uppercase Friendly URL auto generates lowercase,2b,Manual,,2,,,,,
Friendly URL,,Add Friendly URL with unicode characters,2c,Functional,,4,,,,,FriendlyURL#ViewFriendlyURLWithUnicodeChars
Friendly URL,,Test Group 3 - Friendly URL Alias Redirection,,,,,,,,,
Friendly URL,,Alias Redirection,3a,Manual,,4,Skip,,,,https://issues.liferay.com/browse/LRQA-53819
Friendly URL,,Test Group 4 - Friendly URL in different Locale/Language Variations,,,,,,,,,
Friendly URL,,Verify FriendlyURLs in unavailable locales without default locale return a 404 response code,4a,Manual,,3,,,,,
Friendly URL,,Verify FriendlyURLs redirect to default locale when locale is available but not enabled (LPS-79309),4b,Functional,,4,,,,,Locale#VerifyFriendlyURLRedirectToEnableDefualtLocale
Friendly URL,,Verify FriendlyURLs always display the requested locale when locale.prepend.friendly.url.style is set to 2,4c,Manual,,3,,,,,
Friendly URL,,Verify locales for FriendlyURLs when locale is shared but languages are different (LPS-77681),4d,Manual,,4,,,,,https://issues.liferay.com/browse/LRQA-53821
Friendly URL,,Verify FriendlyURLs only display locale once (LPS-81758),4e,Manual,,4,,,,,https://issues.liferay.com/browse/LRQA-53822
Friendly URL,,Test Group 5 - Robustness,,,,,,,,,
Friendly URL,,Verify FriendlyURL copied from Forms page redirects to the Forms page,5a,Functional,,5,,,,,Forms.testcase
Friendly URL,,Verify FriendlyURL can be generated from web content articles and accessed (covered by WEM team),5b,Functional,,5,,,,,PGStaging#PublishWCWithFriendlyURL
Friendly URL,,Verify FriendlyURL can be generated from blog entries and accessed (covered by Collaboration team),5c,Functional,,5,,,,,Ask Collab
Friendly URL,,Verify FriendlyURL can be generated from pages and accessed,5d,Functional,,5,,,,,WidgetPages.testcase
Friendly URL,,Test Group 6 - High Priority SEO,,,,,,,,,
Friendly URL,,Verify canonical url when using a localized friendlyURL,6a,Functional,,5,,,,,FriendlyURL#ViewCanonicalURLWithLocalizedFriendlyURL
Gogo Shell,Gogo Shell,,,,,,,,,,
Gogo Shell,,Test Group 1 - Gogo Shell Access (Terminal),,,,,,,,,
Gogo Shell,,Test case 1a - No default access to gogo shell,1a,Functional,,5,,,,,ant > no-default-access-to-gogo-shell-command
Gogo Shell,,Test case 1b - Access gogo shell command,1b,Functional,,5,,,,,ant > enable-access-to-gogo-shell-command
Gogo Shell,,Test Group 2 - Gogo Shell Access (UI),,,,,,,,,
Gogo Shell,,Test case 2a - Access gogo shell command via portlet,2a,Functional,,5,,,,,Gogoshell#AccessGogoShellCommandViaPortlet
Gogo Shell,,Test case 2b - Site Admin cannot access Gogo Shell,2b,Functional,,4,,,,,Gogoshell#SiteAdminCannotAccessGogoShellPortlet
Gogo Shell,,Test case 2c - OmniAdmin can access Gogo Shell (LPS-101101),2c,Functional,,4,,,,,Gogoshell#OmniAdminCanAccessGogoShellCommandViaPortlet
Gogo Shell,,Test case 23 - Output only displays in UI (LPS-92669),2d,Manual,,3,,,,,
Gogo Shell,,Test case 2e - Gogo shell portlet only on main instance (LPS-88256),2e,Functional,,4,,,,,Gogoshell#GogoShellPortletOnlyOnMainInstance
Gogo Shell,,Test case 2f - Concurrent connections,2f,Manual,,4,,,,,https://issues.liferay.com/browse/LRQA-53803
Gogo Shell,,Test case 2g - Disconnect command is not supported (LPS-83660),2g,Manual,,4,,,,,https://issues.liferay.com/browse/LRQA-53804
Gogo Shell,,Test Group 3 - Cluster,,,,,,,,,
Gogo Shell,,Test case 3a - Gogo Shell session attributes never replicate across cluster (LPS-89651),3a,Manual,,3,,,,,
IPV6,IPV6,,,,,,,,,,
IPV6,,Test Group 1 - IPV6 Configuration,,,,,,,,,
IPV6,,Configure Liferay bundle to run portal on IPV6,1a,Functional,,5,,,,,IPAddress#RunPortalOnIPV6
IPV6,,Create a virtual instance with IPV6,1b,Manual,,4,,,,,https://issues.liferay.com/browse/LRQA-53787
IPV6,,Configure and validate remote live staging with IPV6,1c,Manual,,4,,,,,https://issues.liferay.com/browse/LRQA-53788
Locales,Locales,,,,,,,,,,
Locales,,Test group 1 - Locale configurations for instances,,,,,,,,,
Locales,,Validate default language,1a,Functional,,5,,,,,General functional testing covers
Locales,,Validate default enabled languages,1b,Functional,,5,,,,,LocalizationUsecase#MoveCurrentLanguagesToAvailable
Locales,,Validate default available languages,1c,Functional,,5,,,,,LocalizationUsecase#MoveCurrentLanguagesToAvailable
Locales,,Test group 2 - Locale configurations made by portal properties,,,,,,,,,
Locales,,Restrict available locales,2a,Functional,,4,,,,,Locale#RestrictAvailableLocales
Locales,,Restrict enabled locales,2b,Functional,,4,,,,,Locale#RestrictEnabledLocales
Locales,,Restrict default language,2c,Functional,,5,,,,,Locale#RestrictDefaultLocale
Locales,,Test group 3 - Locale configurations for sites,,,,,,,,,
Locales,,Default enabled locales configuration,3a,Functional,,4,,,,,Locale#ViewDefaultEnabledLocales
Locales,,Test group 4 - Locale configurations for users,,,,,,,,,
Locales,,User preferred languages configuration,4a,Functional,,5,,,,,Locale#ViewUserPreferredLocale
Locales,,View site language without user preferred languages,4b,Functional,,5,,,,,Locale#ViewSiteLocaleWithoutUserPreferredLocale
Locales,,Test group 5 - FriendlyURL localization,,,,,,,,,
Locales,,Assert friendlyURL changes current locale,5a,Functional,,4,,,,,Locale#ViewUserPreferredLocalePersistsFriendlyURL
Locales,,Assert friendlyURL change to locale does not persist for user with a preferred locale,5b,Functional,,5,,,,,Locale#ViewUserPreferredLocalePersistsFriendlyURL
Locales,,Assert friendlyURL change to locale does not persist for guest user / site default locale,5c,Functional,,5,,,,,Locale#GuestUserViewSiteChangedLocalePersistsFriendlyURL
Locales,,Test group 6 - Configure available time zones,,,,,,,,,
Locales,,View default available time zones for instances,6a,Functional,,3,,,,,Locale#ViewDefaultAvailableTimeZonesForInstancesAndUsers
Locales,,View default available time zones for users,6b,Functional,,4,,,,,Locale#ViewDefaultAvailableTimeZonesForInstancesAndUsers
Locales,,Restrict instance available time zones by portal properties,6c,Manual,,2,,,,,
Locales,,User available time zones restricted by instance available time zones,6d,Manual,,2,,,,,
Locales,,Test group 7 - Configure default time zones,,,,,,,,,
Locales,,Configure instance default time zone,7a,Functional,,3,,,,,Locale#ChangesToInstanceTimeZoneDoNotPropagateToExistingUser
Locales,,Created user inherits instance default time zone,7b,Functional,,4,,,,,Locale#ChangesToInstanceTimeZoneDoNotPropagateToExistingUser
Locales,,Changes to instance time zone do not propagate to existing users,7c,Functional,,5,,,,,Locale#ChangesToInstanceTimeZoneDoNotPropagateToExistingUser
LPKG,LPKG,,,,,,,,,,
LPKG,,Test Group 1 - Deployment,,,,,,,,,
LPKG,,Deploy LPKG (LPKG can be hot deployed),1a,Integration,-,5,,,,,LPKGDeployerCleanStartupTest
LPKG,,Deploy upgraded LPKG,1b,Integration,-,5,,,,,"LPKGUpgradeTest (Unit)
LPKGDeployerUpgradeTest(Int)"
LPKG,,Deploy downgraded LPKG,1c,Integration,-,4,,,,,"LPKGDowngradeTest (Unit)
LPKGDeployerDowngradeTest (Int)"
LPKG,,Uninstall LPKG,1d,Integration,-,5,,,,,LPKGControllerVerifyTest
LPKG,,‘restart-required’ property in liferay-marketplace.properties will log that a restart is needed in order to deploy the LPKG (defaults to true),1e,Manual,,3,,,,,
LPKG,,Deploy supercedes LPKG,1f,Manual,,2,,,,,
LPKG,,Deploy upgraded LPKG with Restart Required,1g,Integration,,5,,,,,LPKGPersistenceVerifyUpgradeTest
LPKG,,Test Group 2 - Resolving,,,,,,,,,
LPKG,,2a - Undeploy implementation,2a,Manual,,3,,,,,
LPKG,,Test Group 3 - Overriding,,,,,,,,,
LPKG,,Assert lpkg overrides persist subsequent startups (Used for patches/testing),3a,Integration,-,4,,,,,"LPKGOverrideTest (Unit)
LPKGOverrideVerifySecondStartupTest (Int)"
LPKG,,Assert LPKG overrides work on first startup,3b,Integration,-,5,,,,,LPKGOverrideVerifyCleanStartupTest
LPKG,,Revert LPKG override,3c,Integration,-,4,,,,,LPKGRevertOverrideVerifyTest
LPKG,,Test Group 4 - Framework - Persistence,,,,,,,,,
LPKG,,Assert stopped persistence,4a,Integration,-,4,,,,,"LPKGPersistenceTest (Unit)
LPKGPersistenceStopBundleTest (Int)
LPKGPersistenceVerifyTest (Int)"
LPKG,,Test Group 5 - Framework - Controller,,,,,,,,,
LPKG,,Refresh LPKG with stopped inner jar,5a,Integration,-,4,,,,,"LPKGControllerTest (Unit)
LPKGControllerVerifyTest (Int)"
LPKG,,Refresh LPKG with uninstalled inner jar,5b,Integration,-,4,,,,,LPKGControllerVerifyTest (Int)
LPKG,,Refresh LPKG with uninstalled war wrapper bundle (subsequently the war bundle),5c,Integration,-,4,,,,,LPKGControllerVerifyTest (Int)
LPKG,,Refresh war wrapper bundle with stopped war bundle,5d,Integration,-,4,,,,,LPKGControllerVerifyTest (Int)
LPKG,,Refresh war wrapper bundle with uninstalled war bundle,5e,Integration,-,4,,,,,LPKGControllerVerifyTest (Int)
LPKG,,Test Group 6 - Release,,,,,,,,,
LPKG,,Released bundles,6a,Integration,-,5,,,,,LPKGDeployerCleanStartupTest
LPKG,,Test Group 7 - Aggregate LPKG (LPKG within LPKG),,,,,,,,,
LPKG,,Deploying Aggregate LPKG,7a,Integration,-,4,,,,,"LPKGContainerTest
LPKGContainerVerifyTest"
LPKG,,Test Group 8 - Static LPKG,,,,,,,,,
LPKG,,Create a new static bundle,8a,Manual,,3,,,,,
LPKG,,Test Group 9 - Core vs Non-Core LPKGs,,,,,,,,,
LPKG,,Deploy Only Core LPKG,9a,Integration,-,5,,,,,ant > lpkg-base-jdk8
LPKG,,Hot Deploy Non-Core LPKGs,9b,Manual,,5,,,,,https://issues.liferay.com/browse/LRQA-53836
Mobile Device Rules,Mobile Device Rules,,,,,,,,,,
Mobile Device Rules,,Test Group 1 - Basic MDR UI,,,,,,,,,
Mobile Device Rules,,Assert user can add MDR Family,1a,Functional,,5,,,,,MobileDeviceFamilies#AssertMobileDeviceRuleActionOnSitePage
Mobile Device Rules,,Assert user can edit MDR Family,1b,Manual,,5,,,,,
Mobile Device Rules,,Assert user can delete MDR Family,1c,Manual,,4,,,,,
Mobile Device Rules,,Assert user can add MDF Classification Rule,1d,Functional,,5,,,,,MobileDeviceFamilies#AssertMobileDeviceRuleActionOnSitePage
Mobile Device Rules,,Assert user can edit MDF Classification Rule,1e,Manual,,5,,,,,
Mobile Device Rules,,Assert user can delete MDF Classification Rule,1f,Manual,,4,,,,,
Mobile Device Rules,,Test Group 2 - MDR Configuration on Site Page,,,,,,,,,
Mobile Device Rules,,Verify MDR Action Redirect to Site,2a,Functional,,4,,,,,MobileDeviceFamilies#AssertMobileDeviceRuleActionOnSitePage
Mobile Device Rules,,Verify MDR Action Layout Template Modification,2b,Manual,,,,,,,
Mobile Device Rules,,Verify MDR Action Redirect to URL,2c,Manual,,,,,,,
Mobile Device Rules,,Verify MDR Action Theme Modification,2d,Manual,,,,,,,
Mobile Device Rules,,Verify MDR Rule applied to single page,2e,Manual,,,,,,,
Mobile Device Rules,,Verify Multiple MDR Actions applied on page,2f,Manual,,,,,,,
Mobile Device Rules,,Verify MDR Action applied to all public pages,2g,Manual,,,,,,,
Mobile Device Rules,,Verify MDR Action applied to all public pages minus select page,2h,Manual,,,,,,,
Mobile Device Rules,,Verify MDR Action Prioritization,2i,Manual,,,,,,,
Mobile Device Rules,,Test Group 3 - Export/Import,,,,,,,,,
Mobile Device Rules,,Export Import Mobile Device Rule,3a,Manual,,,,,,,
Mobile Device Rules,,Test Group 4 - Device Detection,,,,,,,,,
Mobile Device Rules,,LMDD - Verify Device iPhone,4a,Manual,,,,,,,
Mobile Device Rules,,LMDD - Verify Device Android,4b,Manual,,,,,,,
Mobile Device Rules,,LMDD - Device Android Tablet,4c,Manual,,,,,,,
Mobile Device Rules,,LMDD - Verify Device Windows PC,4d,Manual,,,,,,,
Mobile Device Rules,,Test Group 5 - Enterprise vs Lite Data Sets,,,,,,,,,
Mobile Device Rules,,LMDD - Deploy LMDD Enterprise over LMDD Lite without uninstall/stopping Lite modules,5a,Manual,,,,,,,
Mobile Device Rules,,LMDD - Deploy LMDD Enterprise over LMDD Lite after stopping/uninstalling Lite modules,5b,Manual,,,,,,,
Mobile Device Rules,,LMDD - Stop/uninstall LMDD Enterprise when LMDD Lite is also available when enterprise Operating System is in use,5c,Manual,,3,,,,,https://issues.liferay.com/browse/LPS-86453
Mobile Device Rules,,LMDD - Stop/uninstall LMDD Enterprise when LMDD is also available when lite Operating System is in use,5d,Manual,,,,,,,
Portal Cache,Portal Cache,,,,,,,,,,
Portal Cache,,Test Group 1 - Portal Entity Cache Implement,,,,,,,,,
Portal Cache,,Test notify entity portal cache removed,1a,Unit,-,5,,,,,EntityCacheImplTest#testNotifyPortalCacheRemovedPortalCacheName
Portal Cache,,Test put and get null model result,1b,Unit,-,3,,,,,EntityCacheImplTest#testPutAndGetNullModel
Portal Cache,,Test Group 2 - Portal Finder Cache Implement,,,,,,,,,
Portal Cache,,Test notify finder portal removed portal cache name,2a,Unit,-,5,,,,,FinderCacheImplTest#testNotifyPortalCacheRemovedPortalCacheName
Portal Cache,,Test put empty list of invalid,2b,Unit,-,4,,,,,FinderCacheImplTest#testPutEmptyListInvalid
Portal Cache,,Test put empty list of valid,2c,Unit,-,4,,,,,FinderCacheImplTest#testPutEmptyListValid
Portal Cache,,Test keys collide,2d,Unit,-,3,,,,,FinderCacheImplTest#testTestKeysCollide
Portal Cache,,Test portal cache threshold,2e,Unit,-,3,,,,,FinderCacheImplTest#testThreshold
Portal Cache,,Test Group 3 - Portal Cache API,,,,,,,,,
Portal Cache,,Test portal cache serializable object wrapper,3a,Unit,-,5,,,,,SerializableObjectWrapperTest.java
Portal Cache,,Test Group 4 - Portal Cache Ehcache Implement,,,,,,,,,
Portal Cache,,Ehcache portal cache - cache listener,4a,Unit,-,5,,,,,EhcachePortalCacheTest#testCacheListener
Portal Cache,,Ehcache portal cache - get ehcache,4b,Unit,-,5,,,,,EhcachePortalCacheTest#testGetEhcache
Portal Cache,,Ehcache portal cache - get keys,4c,Unit,-,5,,,,,EhcachePortalCacheTest#testGetKeys
Portal Cache,,Ehcache portal cache - get name,4d,Unit,-,5,,,,,EhcachePortalCacheTest#testGetName
Portal Cache,,Ehcache portal cache - put,4e,Unit,-,5,,,,,EhcachePortalCacheTest#testPut
Portal Cache,,Ehcache portal cache - remove,4f,Unit,-,5,,,,,EhcachePortalCacheTest#testRemove
Portal Cache,,Ehcache portal cache - replace,4g,Unit,-,5,,,,,EhcachePortalCacheTest#testReplace
Portal Cache,,Test Group 5 - Portal Cache Test Util - MVCCPortal Cache,,,,,,,,,
Portal Cache,,Test MVCCPortal cache - for hidden bridge,5a,Unit,-,4,,,,,MVCCPortalCacheTest#testForHiddenBridge
Portal Cache,,Test MVCCPortal cache - MVCCCache with advice,5b,Unit,-,4,,,,,MVCCPortalCacheTest#testMCCCacheWithAdvice
Portal Cache,,Test MVCCPortal cache - MVCCCache without TTL (time to live),5c,Unit,-,3,,,,,MVCCPortalCacheTest#testMCCCacheWithoutTTL
Portal Cache,,Test MVCCPortal cache - MVCCCache with TTL (time to live),5d,Unit,-,3,,,,,MVCCPortalCacheTest#testMCCCacheWithTTL
Portal Cache,,Test Group 6 - Portal Cache Test Util - Transactional Portal Cache,,,,,,,,,
Portal Cache,,Test transactional portal cache - concurrent transaction for MVCCPortal cache,6a,Unit,-,4,,,,,TransactionalPortalCacheTest#testConcurrentTransactionForMVCCPortalCache
Portal Cache,,Test transactional portal cache - concurrent transaction for  non MVCCPortal cache,6b,Unit,-,5,,,,,TransactionalPortalCacheTest#testConcurrentTransactionForNonmvccPortalCache
Portal Cache,,Test transactional portal cache - miscellaneous,6c,Unit,-,3,,,,,TransactionalPortalCacheTest#testMisc
Portal Cache,,Test transactional portal cache - none transactional cache,6d,Unit,-,3,,,,,TransactionalPortalCacheTest#testNoneTransactionalCache
Portal Cache,,Test transactional portal cache - transactional cache with parameter validation,6e,Unit,-,3,,,,,TransactionalPortalCacheTest#testTransactionalCacheWithParameterValidation
Portal Cache,,Test transactional portal cache - transactional portal cache helper enabled,6f,Unit,-,3,,,,,TransactionalPortalCacheTest#testTransactionalPortalCachehelperEnabled
Portal Cache,,Test transactional portal cache - transactional portal cache with real MVCCPortal cache,6g,Unit,-,3,,,,,TransactionalPortalCacheTest#testTransactionalPortalCacheWithRealMVCCPortalCache
Portal Cache,,Test transactional portal cache - transaction lifecycle listener enabled with barrier,6h,Unit,-,3,,,,,TransactionalPortalCacheTest#testTransactionLifecycleListenerEnabledWithBarrier
Portal Cache,,Test transactional portal cache - transaction lifecycle listener enabled with exist transaction,6i,Unit,-,3,,,,,TransactionalPortalCacheTest#testTransactionLifecycleListenerEnabledWithExistTransaction
Portal Cache,,Test transactional portal cache - transaction lifecycle listener enabled without barrier,6j,Unit,-,3,,,,,TransactionalPortalCacheTest#testTransactionLifecycleListenerEnabledWithoutBarrier
Portal Cache,,Test Group 7 - Portal Cache Configuration,,,,,,,,,
Portal Cache,,Portal cache - disabled cache table mapper tables (no test coverage),7a,Manual,,3,,,,,This is going to be difficult to test manually
Portal Cache,,Portal cache - modify defaultCache configuration,7b,Manual,,3,,,,,
Portal Cache,,Portal cache - modify cache configuration file,7c,Manual,,3,,,,,
Portal Cache,,Portal cache - cache configuration with a module,7d,Manual,,4,,,,,https://issues.liferay.com/browse/LRQA-53786
Portal Cache,,Portal cache - serialization test,7e,Manual,,3,,,,,
Portlet 3,Portlet 3,,,,,,,,,,
Portlet 3,,Test Group 1- Usage ,,,,,,,,,
Portlet 3,,WAR/WAB with portlet.xml/web.xml (handled by TCK),1a,Unit,-,,,,,,
Portlet 3,,WAR/WAB with pure annotations (implemented through CDI),1b,Unit,-,,,,,,
Portlet 3,,WAR/WAB with hybrid portlet.xml + annotations (implemented through CD,1c,Unit,-,,,,,,
Portlet 3,,OSGi bundle with Declarative Services (Skinny WAR / no portlet.xml/no servlet.xml),1d,Manual,-,,,,,,https://issues.liferay.com/browse/LRQA-42958
Portlet 3,,Test Group 2 - Deployment,,,,,,,,,
Portlet 3,,WAR/WAB with portlet.xml (portlet.xml/servlet.xml) - handled by TCK,2a,Unit,-,,,,,,
Portlet 3,,WAR/WAB with pure annotations (Implemented through CDI),2b,Unit,-,,,,,,
Portlet 3,,WAR/WAB with hybrid portlet.xml + annotations (Implemented through CDI),2c,Unit,-,,,,,,
Portlet 3,,OSGi bundle with Declarative Services,2d,Unit,-,,,,,,
Portlet 3,,OSGi bundle service with a low level OSGI API,2e,Unit,-,,,,,,
Portlet 3,,OSGi bundle with CDI (no test coverage at all currently),2f,Manual,-,5,,,,,https://issues.liferay.com/browse/LRQA-42958
Rolling Restarts,Rolling Restarts,,,,,,,,,,
Rolling Restarts,,Test Group 1 - Fix Packs,,,,,,,,,
Rolling Restarts,,Apply fix pack (LRQA-29630),1a,Functional,-,5,,,,,RollingRestartEE#InstallFixPackWithMultipleClusters
Rolling Restarts,,Apply fix pack with database changes,1b,Manual,50,4,,,,,https://issues.liferay.com/browse/LRQA-42993
Rolling Restarts,,Apply fix pack that update database indices,1c,Manual,50,3,,,,,https://issues.liferay.com/browse/LRQA-42994
Rolling Restarts,,Apply fix pack with new OSGI configuration object (LRQA-29768),1d,Functional,50,4,,,,,RollingRestartEE#InstallFixPackWithNewOSGIConfiguration
Rolling Restarts,,Revert fix pack,1e,Functional,-,5,,,,,RollingRestartEE#InstallFixPackWithMultipleClusters
Rolling Restarts,,Test Group 2 - Deployment,,,,,,,,,
Rolling Restarts,,Deployment of new plugins/modules with database changes,2a,Manual,45,4,,,,,https://issues.liferay.com/browse/LRQA-42997
Rolling Restarts,,Deployment of new plugins/modules without database changes (LRQA-29631),2b,Manual,45,3,,,,,https://issues.liferay.com/browse/LRQA-42998
Rolling Restarts,,Update of an existing plugin/module with database changes,2c,Manual,45,4,,,,,https://issues.liferay.com/browse/LRQA-42999
Rolling Restarts,,Update of an existing plugin/module without database changes,2d,Manual,45,3,,,,,https://issues.liferay.com/browse/LRQA-43000
Rolling Restarts,,Disable bundle (LRQA-29773),2e,Manual,60,5,,,,,https://issues.liferay.com/browse/LRQA-43001
Rolling Restarts,,Test Group 3 - Configurations,,,,,,,,,
Rolling Restarts,,Modified portal.properties,3a,Functional,45,3,,,,,RollingRestartEE#UpdatePortalPropertiesWithMultipleClusters
Rolling Restarts,,Test Group 4 - Changes to Application Servers/JVM,,,,,,,,,
Rolling Restarts,,Update Java version (LRQA-29639),4a,Manual,30,3,,,,,https://issues.liferay.com/browse/LRQA-43009
Rolling Restarts,,Test Group 5 - Blue Green Deployment,,,,,,,,,
Rolling Restarts,,Changes to classes that implement serializable (LRQA-30048),5a,Manual,60,4,,,,,https://issues.liferay.com/browse/LRQA-43010
Rolling Restarts,,Test Group 6 - Elasticsearch,,,,,,,,,
Rolling Restarts,,Remote Elasticsearch + X-Pack (LRQA-29769),6a,Functional,-,5,,,,,RollingRestartEE#InstallFixPackWithMultipleClusters
Scheduler,Scheduler,,,,,,,,,,
Scheduler,,Test Group 1 - Basic Configuration Properties,,,,,,,,,
Scheduler,,Properties not verified,1a,Unit,-,4,,,,,SchedulerHelperPropertiesVerifyProcessTest#testNoVerify
Scheduler,,Properties verified,1b,Unit,-,4,,,,,SchedulerHelperPropertiesVerifyProcessTest#testVerify
Scheduler,,Disabled scheduler in the portal-ext.properties,1c,Manual,,3,,,,,
Scheduler,,Set maximum length in the portal-ext.properties to override the default settings,1d,Manual,,3,,,,,
Scheduler,,Set scheduler timeout in the portal-ext.properties,1e,Manual,,3,,,,,
Scheduler,,Changeable memory scheduler quartz properties,1f,Manual,,3,,,,,
Scheduler,,Memory Scheduler quartz property requires class extension,1g,Manual,,3,,,,,
Scheduler,,Persistent scheduler quartz properties require classes extension to modify,1h,Manual,,3,,,,,
Scheduler,,Persistent scheduler quartz properties require change in database,1i,Manual,,3,,,,,
Scheduler,,Test Group 2 - Basic Functions (CRUD),,,,,,,,,
Scheduler,,Delete the single and group jobs from the scheduler,2a,Unit,-,5,,,,,QuartzSchedulerEngineTest#testdelete1
Scheduler,,Initialize job state,2b,Unit,-,5,,,,,QuartzSchedulerEngineTest#testInitJobState
Scheduler,,Pause and resume the scheduled jobs,2c,Unit,-,4,,,,,QuartzSchedulerEngineTest#testPauseAndResume1
Scheduler,,Schedule the jobs,2d,Unit,-,5,,,,,QuartzSchedulerEngineTest#testSchedule1
Scheduler,,Suppress error from the scheduler,2e,Unit,-,3,,,,,QuartzSchedulerEngineTest#testSuppressError
Scheduler,,Unschedule memory and persistent jobs,2f,Unit,-,5,,,,,QuartzSchedulerEngineTest#testUnschedule1
Scheduler,,Update schedule,2g,Unit,-,5,,,,,QuartzSchedulerEngineTest#testUpdate1
Scheduler,,"Test Group 3 - Basic trigger configuration (Interval, cron, timezone)",,,,,,,,,
Scheduler,,Trigger daily schedule every two days,3a,Unit,-,,,,,,QuartzTriggerFactoryTest#testDailyEveryTwoDaysTrigger
Scheduler,,Trigger daily schedule every weekday,3b,Unit,-,,,,,,QuartzTriggerFactoryTest#testDailyEveryWeekdayTrigger
Scheduler,,Trigger monthly schedule on day 12 of every two months,3c,Unit,-,,,,,,QuartzTriggerFactoryTest#testMonthlyDay12OfEveryTwoMonthsTrigger
Scheduler,,Trigger monthly schedule on third tuesday of every three months,3d,Unit,-,,,,,,QuartzTriggerFactoryTest#testMonthlyThirdTuesdayOfEveryThreeMonthsTrigger
Scheduler,,Trigger weekly schedule every sunday,3e,Unit,-,,,,,,QuartzTriggerFactoryTest#testWeeklyEverySundayTrigger
Scheduler,,Trigger weekly schedule on monday and wednesday,3f,Unit,-,,,,,,QuartzTriggerFactoryTest#testWeeklyMondayAndWednesdayTrigger
Scheduler,,Trigger yearly schedule every two years on january 12,3g,Unit,-,,,,,,QuartzTriggerFactoryTest#testYearlyEveryTwoYearsJanuary12Trigger
Scheduler,,Trigger yearly schedule every two years on the third Sunday of March,3h,Unit,-,,,,,,QuartzTriggerFactoryTest#testYearlyEveryTwoYearsThirdSundayOfMarchTrigger
Scheduler,,Trigger schedule with PDT,3i,Manual,,5,,,,,
Scheduler,,Trigger schedule on UTC,3j,Manual,,4,,,,,
Scheduler,,Test Group 4 - Delete Cluster Schedule Jobs (memory clustered and persistence),,,,,,,,,
Scheduler,,Delete memory clustered jobs on master,4a,Unit,-,5,,,,,ClusterSchedulerEngineTest#testDeleteOnMaster
Scheduler,,Delete persistent jobs on master,4b,Unit,-,5,,,,,ClusterSchedulerEngineTest#testDeleteOnMaster
Scheduler,,Delete memory clustered jobs on slave,4c,Unit,-,5,,,,,ClusterSchedulerEngineTest#testDeleteOnSlave
Scheduler,,Delete non existing group memory clustered jobs on slave,4d,Unit,-,4,,,,,ClusterSchedulerEngineTest#testDeleteOnSlave
Scheduler,,Get scheduler jobs,4e,Unit,-,5,,,,,ClusterSchedulerEngineTest#testGetSchedulerJobs
Scheduler,,Test Group 5 - Clustering State Changes,,,,,,,,,
Scheduler,,Master to slave with log disabled,5a,Unit,-,,,,,,ClusterSchedulerEngineTest#testMasterToSlave
Scheduler,,Master to slave with log enabled,5b,Unit,-,,,,,,ClusterSchedulerEngineTest#testMasterToSlave
Scheduler,,Slave to master with log disabled,5c,Unit,-,,,,,,ClusterSchedulerEngineTest#testSlaveToMaster
Scheduler,,Slave to master with log enabled,5d,Unit,-,,,,,,ClusterSchedulerEngineTest#testSlaveToMaster
Scheduler,,Test Group 6 - Pause and  Resume,,,,,,,,,
Scheduler,,Pause and resume memory clustered jobs by job and group names on master,6a,Unit,-,,,,,,ClusterSchedulerEngineTest#testPauseAndResumeOnMaster
Scheduler,,Pause and resume memory clustered jobs by group name on master,6b,Unit,-,,,,,,ClusterSchedulerEngineTest#testPauseAndResumeOnMaster
Scheduler,,Pause and resume persistent jobs by job and group names on master,6c,Unit,-,,,,,,ClusterSchedulerEngineTest#testPauseAndResumeOnMaster
Scheduler,,Pause and resume persistent job by group name on master,6d,Unit,-,,,,,,ClusterSchedulerEngineTest#testPauseAndResumeOnMaster
Scheduler,,Pause and resume memory clustered job by job and group  names on slave,6e,Unit,-,,,,,,ClusterSchedulerEngineTest#testPauseAndResumeOnSlave
Scheduler,,Pause and resume memory clustered job by group name on slave,6f,Unit,-,,,,,,ClusterSchedulerEngineTest#testPauseAndResumeOnSlave
Scheduler,,Pause and resume memory clustered with not existing job on slave,6g,Unit,-,,,,,,ClusterSchedulerEngineTest#testPauseAndResumeOnSlave
Scheduler,,Pause and resume memory clustered with not existing group on slave,6h,Unit,-,,,,,,ClusterSchedulerEngineTest#testPauseAndResumeOnSlave
Scheduler,,Test Group 7 - Clustering Schedule,,,,,,,,,
Scheduler,,Schedule memory clustered jobs on master,7a,Unit,-,,,,,,ClusterSchedulerEngineTest#testScheduleOnMaster
Scheduler,,Schedule persistent jobs on master,7b,Unit,-,,,,,,ClusterSchedulerEngineTest#testScheduleOnMaster
Scheduler,,Schedule jobs on slave,7c,Unit,-,,,,,,ClusterSchedulerEngineTest#testScheduleOnSlave
Scheduler,,Shutdown cluster scheduler,7d,Unit,-,,,,,,ClusterSchedulerEngineTest#testShutdown
Scheduler,,Shutdown clustering with a scheduled job,7e,Manual,,,,,,,
Scheduler,,Restart clustering with a scheduled job,7f,Manual,,,,,,,
Scheduler,,Add node to a clustering with a scheduled job,7g,Manual,,,,,,,
Scheduler,,Remove node from clustering with a scheduled job,7h,Manual,,,,,,,
Scheduler,,Test Group 8 - Suppress Error (memory clustered and persistence),,,,,,,,,
Scheduler,,Suppress memory clustered jobs error on master,8a,Unit,-,,,,,,ClusterSchedulerEngineTest#testSupressErrorOnMaster
Scheduler,,Suppress persistent jobs error on master,8b,Unit,-,,,,,,ClusterSchedulerEngineTest#testSupressErrorOnMaster
Scheduler,,Suppress error on slave,8c,Unit,-,,,,,,ClusterSchedulerEngineTest#testSupressErrorOnSlave
Scheduler,,Test Group 9 - Thread Local,,,,,,,,,
Scheduler,,Thread local persists when portal is starting,9a,Unit,-,,,,,,ClusterSchedulerEngineTest#testThreadLocal
Scheduler,,Thread local memory clustered when portal is starting,9b,Unit,-,,,,,,ClusterSchedulerEngineTest#testThreadLocal
Scheduler,,Thread local persisted when portal is started,9c,Unit,-,,,,,,ClusterSchedulerEngineTest#testThreadLocal
Scheduler,,Thread local memory clustered when portal is started,9d,Unit,-,,,,,,ClusterSchedulerEngineTest#testThreadLocal
Scheduler,,Thread local persists when plugin is starting,9e,Unit,-,,,,,,ClusterSchedulerEngineTest#testThreadLocal
Scheduler,,Thread local memory clustered when plugin is starting,9f,Unit,-,,,,,,ClusterSchedulerEngineTest#testThreadLocal
Scheduler,,Thread local persisted when plugin is destroying,9g,Unit,-,,,,,,ClusterSchedulerEngineTest#testThreadLocal
Scheduler,,Thread local memory clustered when plugin is destroying,9h,Unit,-,,,,,,ClusterSchedulerEngineTest#testThreadLocal
Scheduler,,Thread local persisted when cluster invoke is disabled,9i,Unit,-,,,,,,ClusterSchedulerEngineTest#testThreadLocal
Scheduler,,Thread local persisted when cluster invoke is enabled,9j,Unit,-,,,,,,ClusterSchedulerEngineTest#testThreadLocal
Scheduler,,Thread local memory clustered  when cluster invoke is disabled,9k,Unit,-,,,,,,ClusterSchedulerEngineTest#testThreadLocal
Scheduler,,Thread local memory clustered  when cluster invoke is enabled,9l,Unit,-,,,,,,ClusterSchedulerEngineTest#testThreadLocal
Scheduler,,Test Group 10 - Clustering Unschedule job,,,,,,,,,
Scheduler,,Unschedule memory clustered on master,10a,Unit,-,,,,,,ClusterSchedulerEngineTest#testUnscheduleOnMaster
Scheduler,,Unschedule memory clustered  jobs by group name on master,10b,Unit,-,,,,,,ClusterSchedulerEngineTest#testUnscheduleOnMaster
Scheduler,,Unschedule persistent jobs on master,10c,Unit,-,,,,,,ClusterSchedulerEngineTest#testUnscheduleOnMaster
Scheduler,,Unschedule persistent jobs by group name on master,10d,Unit,-,,,,,,ClusterSchedulerEngineTest#testUnscheduleOnMaster
Scheduler,,Unschedule memory clustered jobs on slave,10e,Unit,-,,,,,,ClusterSchedulerEngineTest#testUnscheduleOnSlave
Scheduler,,Unschedule memory clustered jobs by group name on slave,10f,Unit,-,,,,,,ClusterSchedulerEngineTest#testUnscheduleOnSlave
Scheduler,,Test Group 11 - Update Cluster schedule jobs,,,,,,,,,
Scheduler,,Update memory clustered jobs on master,11a,Unit,-,,,,,,ClusterSchedulerEngineTest#testUpdateOnMaster
Scheduler,,Update persistent jobs on master,11b,Unit,-,,,,,,ClusterSchedulerEngineTest#testUpdateOnMaster
Scheduler,,Update on slave without exception,11c,Unit,-,,,,,,ClusterSchedulerEngineTest#testUpdateOnSlave
Scheduler,,Update on slave with not existing group name,11d,Unit,-,,,,,,ClusterSchedulerEngineTest#testUpdateOnSlave
Scheduler,,Update on slave with not existing job name,11e,Unit,-,,,,,,ClusterSchedulerEngineTest#testUpdateOnSlave
Scheduler,,Test Group 12 - Modules,,,,,,,,,
Scheduler,,Undeploy module,12a,Manual,,4,,,,,
Scheduler,,Test Group 13 - Rolling restart with scheduler,,,,,,,,,
Scheduler,,Rolling restart with scheduled job,13a,Manual,,4,,,,,
Scheduler,,Test Group 14 - Plugins with scheduler,,,,,,,,,
Scheduler,,Spring xml with a scheduled job,14a,Manual,,5,,,,,
Scheduler,,Ext plugin with a scheduled job,14b,Manual,,3,,,,,
Scheduler,,Hook plugin with a scheduled job,14c,Manual,,2,,,,,
Scheduler,,OSGi Portlet with a scheduled job,14d,Manual,,5,,,,,
Scripting Engine,Scripting Engine,,,,,,,,,,
Scripting Engine,,Test Group 1 - Groovy functionality,,,,,,,,,
Scripting Engine,,Testcase 1a - Groovy sample script functionality,1a,Manual,,5,,,,,https://issues.liferay.com/browse/LRQA-53783
Scripting Engine,,Testcase 1b - Access to Liferay classes,1b,Manual,,5,,,,,GroovyScript#ExecuteScriptWithLiferayClasses
Scripting Engine,,Testcase 1c - Access to predefined variables,1c,Manual,,4,,,,,GroovyScript#ExecuteScriptWithPredefinedVariables
Scripting Engine,,Testcase 1d - Embedded HTML,1d,Manual,,3,,,,,GroovyScript#ExecuteScriptWithEmbeddedHTML
Service Builder,Service Builder,,,,,,,,,,
Service Builder,,Test Group 1 - Entity attribute configurations,,,,,,,,,
Service Builder,,Persistence disabled,1a,Manual,,,,,,,
Service Builder,,Enable all boolean entity attributes,1b,Manual,,,,,,,
Service Builder,,Disable all boolean entity attributes,1c,Manual,,,,,,,
Service Builder,,Versioning improvements (LPS-93045),1d,Integration,,,,,,,portal-tools-service-builder-test-service
Service Builder,,Remote Service,1e,Integration,,,,,,,regular portal usage
Service Builder,,Cache enabled,1f,Manual,,,,,,,No portal usage!?
Service Builder,,Duplicate name,1g,Manual,,,,,,,
Service Builder,,Max length of entity name,1h,Manual,,,,,,,
Service Builder,,Test Group 2 - Column configurations,,,,,,,,,
Service Builder,,String-based primary key,2a,Manual,,,,,,,"portal-impl counter uses String PK, but no persistence"
Service Builder,,Int-based primary key,2b,Manual,,,,,,,No portal usage
Service Builder,,Compound primary keys,2c,Integration,,,,,,,"Portal Impl ""OrgGroupRole"
Service Builder,,Blob column type,2d,Integration,,,,,,,DLContent in document-library-content-service module
Service Builder,,Eager Blob column,2e,Integration,,,,,,,EagerBlobEntity in service builder test
Service Builder,,Null conversions (LPS-81704),2f,Manual,,,,,,,
Service Builder,,UAD (User Associated Data) Anonymize,2g,Integration,,,,,,,Used in portal modules
Service Builder,,UAD Non-Anonymizable,2h,Integration,,,,,,,Used in portal modules
Service Builder,,Test Group 3 - Service builder configurations,,,,,,,,,
Service Builder,,DS dependency-injector,3a,Integration,,,,,,,Used in portal modules
Service Builder,,Spring dependency-injector,3b,Integration,,,,,,,Used by Portal-Impl
Service Builder,,Test Group 4 - Finder configurations,,,,,,,,,
Service Builder,,FinderPaths are private and instanced (LPS-89457),4a,Manual,,,,,,,
Service Builder,,FinderPaths are initialized in afterPropertiesSet method (LPS-89568),4b,Manual,,,,,,,
Service Builder,,Single Column,4c,Integration,,,,,,,regular portal usage
Service Builder,,Multiple Columns,4d,Integration,,,,,,,regular portal usage
Service Builder,,Return type: Entity,4e,Integration,,,,,,,regular portal usage
Service Builder,,Return type: Collection,4f,Integration,,,,,,,regular portal usage
Service Builder,,Return type: Unique only,4g,Integration,,,,,,,regular portal usage
Service Builder,,Return type: No db-index,4h,Manual,,,,,,,
Service Builder,,Where with arrayable-operator/arrayable-pagination (LPS-89228),4i,Integration,,,,,,,portal-tools-service-builder-test-service/service.xml
Service Builder,,Where with matching substring (LPS-62084),4j,Manual,,,,,,,broken at head
Service Builder,,comparator,4k,Integration,,,,,,,modules/apps/blogs/blogs-service/service.xml
Service Builder,,Rename finder column (LPS-79796),4l,Manual,,,,,,,
Service Builder,,Test Group 5 - Generated code,,,,,,,,,
Service Builder,,Getter and setter methods are not duplicated between BaseModelWrapper and <Entity>Model / <Entity>Wrapper classes (LPS-88823),5a,Manual,,,,,,,
Service Builder,,Changes to indexes.sql persist,5b,Manual,,,,,,,
Service Builder,,Entity references in the service.xml create service references in the ServiceBaseImpl classes,5c,Integration,,,,,,,regular portal usage
Service Builder,,Mapping tables between Entities generates many to many relationship,5d,Integration,,,,,,,regular portal usage
Service Builder,,Persistence Tests,5e,Integration,,,,,,,regular portal usage
Service Builder,,Indexable Annotations,5f,Integration,,,,,,,regular portal usage
Service Builder,,Test Group 6 - AOP annotations,,,,,,,,,
Service Builder,,"Ensure portal functionality with AOP refactor (see LPS-86406, LPS-90701)",6a,Manual,,,,,,,
Service Builder,,Ensure functionality of AOP annotations,6b,Integration,,,,,,,com.liferay.portal.aop.test.AopServiceManagerTest
Service Builder,,Test Group 7 - Persistence configuration,,,,,,,,,
Service Builder,,fetchByPrimaryKeys method not generated for new services generated with 7.2 service builder DTD (LPS-90523),7a,Manual,,,,,,,
Service Builder,,fetchByPrimaryKeys method removed from existing services with PersistenceImpl method getBadColumnNames (LPS-90523),7b,Manual,,,,,,,
Service Builder,,Test Group 8 - Exceptions,,,,,,,,,
Service Builder,,Custom Exception,8a,Integration,,,,,,,regular portal usage
Service Builder,,Test Group 9 - Version Compatibility,,,,,,,,,
Service Builder,,6.2 DTD,9a,Manual,,,,,,,
Service Builder,,7.0 DTD,9b,Functional,,,,,,,gradle-plugins-service-builder
Service Builder,,7.1 DTD,9c,Integration,,,,,,,portal-tools-service-builder-test-service
Service Builder,,7.2 DTD,9d,Integration,,,,,,,regular portal usage
Service Builder,,Test Group 10 - Database Compatibility,,,,,,,,,
Service Builder,,Oracle,10a,Integration,,,,,,,Running CI tests on Oracle DB
Service Builder,,IBM DB2,10b,Integration,,,,,,,Running CI tests on DB2
Service Builder,,Sybase,10c,Integration,,,,,,,Running CI tests on Sybase
Service Builder,,Test Group 11 - Model Hints,,,,,,,,,
Service Builder,,Required with hint collection,11a,Integration,,,,,,,Portal Impl Usage (portal-modal-hints.xml)
Service Builder,,Test Group 12 - JDK 11 Support,,,,,,,,,
Service Builder,,Generate with JDK 11,12a,Manual,,,,,,,
Service Builder,,Test Group 13 - Non-Liferay Database,,,,,,,,,
Service Builder,,Declarative Services,13a,Manual,,,,,,,blade samples?
Service Builder,,"JDBC (Docs 7.1, 7.2)",13b,Integration,,,,,,,external-data-source-test-controller-test
Service Builder,,JNDI (Sample),13c,Manual,,,,,,,
Service Builder,,Test Group 14 - Custom Finder,,,,,,,,,
Service Builder,,Dynamic Query (Docs),14a,Integration,,,,,,,regular portal usage
Service Builder,,Custom Finder with manual SQL,14b,Integration,,,,,,,regular portal usage
Service Builder,,Actionable Dynamic Queries,14c,Integration,,,,,,,regular portal usage
Service Builder,,Test Group 15 - Build parameters (Docs),,,,,,,,,
Service Builder,,apiDirName (Linux),15a,Manual,,,,,,,
Service Builder,,apiDirName (Windows),15b,Manual,,,,,,,
Service Builder,,Test Group 16 - Column Order (Docs),,,,,,,,,
Service Builder,,Ascending/Descending,16a,Integration,,,,,,,regular portal usage
Service Builder,,Case sensitive,16b,Integration,,,,,,,regular portal usage
Service Builder,,Test Group 17 - Service Builder update,,,,,,,,,
Service Builder,,Core update,17a,Integration,,,,,,,service-builder-jdk8
Setup Wizard,Setup Wizard,,,,,,,,,,
Setup Wizard,,Test Group 1 - Initial Setup Wizard setup,,,,,,,,,
Setup Wizard,,Enabling Setup Wizard,1a,Functional,-,3,,,,,SetupWizard#HypersonicToMySQL
Setup Wizard,,Disabling Setup Wizard,1b,Functional,-,4,,,,,Most functional tests cover this
Setup Wizard,,Test Group 2 - Configuring Setup Wizard,,,,,,,,,
Setup Wizard,,Portal Config,2a,Functional,-,5,,,,,https://issues.liferay.com/browse/LRQA-53929
Setup Wizard,,Add Sample Data,2b,Functional,-,4,,,,,SetupWizardHSQL#HSQLtoHSQLLportal1SampleDataEnabled
Setup Wizard,,Modify Administrator User,2c,Functional,-,4,,,,,SetupWizardHSQL#ViewConfiguredSetupWizardValue
Setup Wizard,,Changing Database,2d,Functional,-,4,,,,,SetupWizard#HypersonicToMySQL
Setup Wizard,,Verify if empty string is allowed for all fields,2e,Functional,-,3,,,,,SetupWizard#HypersonicWithSpecialContent
Setup Wizard,,Verify if special characters is allowed for all fields,2f,Functional,-,3,,,,,SetupWizard#HypersonicWithSpecialContent
Setup Wizard,,Test Group 3 - Selecting different databases,,,,,,,,,
Setup Wizard,,Default Database Hypersonic,3a,Functional,-,3,,,,,SetupWizardHSQL#HSQLtoHSQLLportal1SampleDataDisabled
Setup Wizard,,MySQL,3b,Functional,-,5,,,,,SetupWizardMySQL.testcase
Setup Wizard,,MySQL with Sample Data,3c,Functional,-,4,,,,,SetupWizardHSQL#HSQLtoMySQLSampleDataEnabled
Setup Wizard,,MariaDB,3d,Functional,-,4,,,,,SetupWizardHSQL#HSQLtoMariaDB
Setup Wizard,,MariaDB with Sample Data,3e,Functional,-,3,,,,,SetupWizardHSQL#HSQLtoMariaDBSampleDataEnabled
Setup Wizard,,PostgreSQL,3f,Functional,-,4,,,,,SetupWizardHSQL#HSQLtoPostgreSQL
Setup Wizard,,PostgreSQL with Sample Data,3g,Functional,-,3,,,,,SetupWizardHSQL#HSQLtoPostgreSQLSampleDataEnabled
Setup Wizard,,Oracle,3h,Functional,-,5,,,,,SetupWizardHSQLEE#HSQLtoOracle
Setup Wizard,,Oracle with Sample Data,3i,Functional,-,3,,,,,SetupWizardHSQLEE#HSQLtoOracleSampleDataEnabled
Setup Wizard,,SQL Server,3j,Manual,,5,,,,,https://issues.liferay.com/browse/LRQA-53782
Setup Wizard,,SQL Server with Sample Data,3k,Manual,,3,,,,,https://issues.liferay.com/browse/LRQA-53782
Setup Wizard,,Sybase,3l,Functional,-,4,,,,,SetupWizardHSQLEE#HSQLtoSybase
Setup Wizard,,Sybase with Sample Data,3m,Functional,-,3,,,,,SetupWizardHSQLEE#HSQLtoSybaseSampleDataEnabled
Setup Wizard,,DB2,3l,Functional,-,4,,,,,SetupWizardHSQLEE#HSQLtoDB2
Setup Wizard,,DB2 with Sample Data,3m,Functional,-,3,,,,,SetupWizardHSQLEE#HSQLtoDB2SampleDataEnabled
Upgrades,Upgrades,,,,,,,,,,
Upgrades,,Test Group 1 - Performance/Large Database,,,,,,,,,
Upgrades,,Upgrade large number of the most common elements from 6.1.30 (<=7.1),1a,Manual,60,3,,,,,
Upgrades,,Upgrade large number of the most common elements from 6.2.10,1b,Manual,60,5,,,,,https://issues.liferay.com/browse/LRQA-50579
Upgrades,,Upgrade large number of the most common elements from 7.0,1c,Manual,60,5,,,,,https://issues.liferay.com/browse/LRQA-50579
Upgrades,,Upgrade large number of the most common elements from 7.1 ,1d,Manual,60,4,,,,,https://issues.liferay.com/browse/LRQA-50579
Upgrades,,Test Group 2 - Common Paths (should use more variety of objects),,,,,,,,,
Upgrades,,Direct upgrade from latest 6.1 CE release  (<=7.1),2a,Manual,-,2,,,,,Automation removed due to low priority
Upgrades,,Direct upgrade from latest 6.1 EE release  (<=7.1),2b,Functional,-,4,,,,,PortalSmokeUpgrade.testcase
Upgrades,,Direct upgrade from latest 6.2 CE release,2c,Functional,-,2,,,,,PortalSmokeUpgrade.testcase
Upgrades,,Direct upgrade from latest 6.2 EE release,2d,Functional,-,5,,,,,PortalSmokeUpgrade.testcase
Upgrades,,Direct upgrade from latest 7.0 CE release,2e,Functional,-,3,,,,,PortalSmokeUpgrade.testcase
Upgrades,,Direct upgrade from latest 7.0 DXP release,2f,Functional,-,5,,,,,PortalSmokeUpgrade.testcase
Upgrades,,Direct upgrade from latest 7.1 CE release,2g,Functional,-,3,,,,,PortalSmokeUpgrade.testcase
Upgrades,,Direct upgrade from latest 7.1 DXP release,2h,Functional,-,5,,,,,PortalSmokeUpgrade.testcase
Upgrades,,Direct upgrade from latest 7.2 CE release,2i,Functional,-,3,,,,,PortalSmokeUpgrade.testcase
Upgrades,,Direct upgrade from latest 7.2 DXP release,2j,Functional,-,5,,,,,PortalSmokeUpgrade.testcase
Upgrades,,Test Group 3 - Permissions Persistence,,,,,,,,,
Upgrades,,User group pages permission,3a,Manual,30,3,,,,,https://issues.liferay.com/browse/LRQA-42909
Upgrades,,Roles assignment,3b,Manual,30,4,,,,,https://issues.liferay.com/browse/LRQA-42910
Upgrades,,Portlet permissions,3c,Functional,-,4,,,,,PortletsPermissionsUpgrade.testcase
Upgrades,,Test Group 4 - Site and Page Management,,,,,,,,,
Upgrades,,"Personal, private, organization and user group sites",4a,Manual,,,,,,,Delegate to other product teams
Upgrades,,Site settings,4b,Manual,,,,,,,Delegate to other product teams
Upgrades,,Site memberships,4c,Manual,,,,,,,Delegate to other product teams
Upgrades,,Portlet configuration,4d,Manual,,,,,,,Delegate to other product teams
Upgrades,,Page configurations,4e,Manual,,,,,,,Delegate to other product teams
Upgrades,,Test Group 5 - Asset Persistence,,,,,,,,,
Upgrades,,Draft articles,5a,Manual,,,,,,,Delegate to other product teams
Upgrades,,Structures and templates,5b,Manual,,,,,,,Delegate to other product teams
Upgrades,,Staged assets,5c,Manual,,,,,,,Delegate to other product teams
Upgrades,,Staged site pages with nested portlets,5d,Manual,,,,,,,Delegate to other product teams
Upgrades,,Assets display in nested portlets,5e,Manual,,,,,,,Delegate to other product teams
Upgrades,,Tagged and categorized assets,5f,Manual,,,,,,,Delegate to other product teams
Upgrades,,Deleted assets,5g,Manual,,,,,,,Delegate to other product teams
Upgrades,,DDL record with populated web content fields,5h,Manual,,,,,,,Delegate to other product teams
Upgrades,,DDL record with nested required fields,5i,Manual,,,,,,,Delegate to other product teams
Upgrades,,Creating Forms,5j,Manual,,,,,,,Delegate to other product teams
Upgrades,,Updating Forms,5k,Manual,,,,,,,Delegate to other product teams
Upgrades,,Workflow,5l,Manual,,,,,,,Delegate to other product teams
Upgrades,,Polls,5m,Manual,,,,,,,Delegate to other product teams
Upgrades,,Calendar,5n,Manual,,,,,,,Delegate to other product teams
Upgrades,,Message Boards,5o,Manual,,,,,,,Delegate to other product teams
Upgrades,,Documents and Media,5p,Manual,,,,,,,Delegate to other product teams
Upgrades,,Blogs,5q,Manual,,,,,,,Delegate to other product teams
Upgrades,,Notifications,5r,Manual,,,,,,,Delegate to other product teams
Upgrades,,Comments,5s,Manual,,,,,,,Delegate to other product teams
Upgrades,,Attachments,5t,Manual,,,,,,,Delegate to other product teams
Upgrades,,Test Group 6 - User and System Management,,,,,,,,,
Upgrades,,Organizations,6a,Functional,-,5,,,,,OrganizationUpgrade#AddUserandSuborganizationAfterUpgrade
Upgrades,,Organizations (TS and 6.1.10 on MySQL),6b,Functional,-,4,,,,,OrganizationUpgrade#AddUserandSuborganizationAfterUpgrade
Upgrades,,Users,6c,Functional,-,5,,,,,UserUpgrade#ViewAndEditUserAfterUpgrade
Upgrades,,System settings,6d,Functional,-,5,,,,,PortalConfigurationUpgrade#ViewPortalConfigurationAfterUpgrade
Upgrade Enhancments,Upgrade Enhancements,,,,,,,,,,
Upgrade Enhancments,,Test Group 1 - Module Upgrade Framework,,,,,,,,,
Upgrade Enhancments,,Revert fix packs with micro schema version changes (LPS-76926),1a,Functional,-,5,,,,,PatchingTool#RevertFixPack
Upgrade Enhancments,,Revert modules with micro schema version changes,1b,Functional,-,4,,,,,UpgradeEnhancment#RemoveModulesWithSchemaVersionChange
Upgrade Enhancments,,Changes in minor version won’t allow you to revert the module,1c,Functional,-,4,,,,,UpgradeEnhancment#RemoveModulesWithSchemaVersionChange
Upgrade Enhancments,,Changes in major version won’t allow you to revert the module,1d,Functional,-,4,,,,,UpgradeEnhancment#RemoveModulesWithSchemaVersionChange
Upgrade Enhancments,,Revert PR changes to latest fix pack,1e,Functional,30,5,,,,,batch > revertable-changes-jdk8
Upgrade Enhancments,,Test Group 2 - Core Upgrade Framework,,,,,,,,,
Upgrade Enhancments,,Latest schema version is set in the Core after an upgrade to 7.1,2a,Manual,30,5,,,,,https://issues.liferay.com/browse/LRQA-42923
Upgrade Enhancments,,Track that we can run the upgrade process for the Core from the latest failing point,2b,Manual,30,5,,,,,https://issues.liferay.com/browse/LRQA-42924
Upgrade Enhancments,,Core schema version does not match with the latest major and minor version,2c,Manual,30,4,,,,,https://issues.liferay.com/browse/LRQA-42929
Upgrade Enhancments,,Core schema version does not match with the latest micro version,2d,Manual,30,3,,,,,https://issues.liferay.com/browse/LRQA-42930
Upgrade Enhancments,,Test Group 3 - Non supported upgrade paths in 7.1+,,,,,,,,,
Upgrade Enhancments,,Direct upgrades from 6.0.x > 7.1  (LPS-76929),3a,Functional,-,4,,,,,UpgradeEnhancement#DirectUpgradeFromArchive6012
Upgrade Enhancments,,Direct upgrades from 6.1.x > 7.2  (LPS-88381),3b,Functional,-,4,,,,,UpgradeEnhancement#DirectUpgradeFromArchive6130
Upgrade Enhancments,,Indirect upgrades from 6.0.x > 7.0 > 7.1,3c,Manual,60,3,,,,,https://issues.liferay.com/browse/LRQA-42932
Upgrade Enhancments,,Test Group 4 - Upgrade Not Required for GA change (7.2+),,,,,,,,,
Upgrade Enhancments,,Upgrade from GA to HEAD,4a,Functional,-,4,,,,,UpgradeEnhancement#UpgradeWithoutExecutingUpgradeToolFromArchive7210
Upgrade Enhancments,,Upgrade from GA to GA,4b,Functional,-,5,,,,,UpgradeEnhancement#UpgradeWithoutExecutingUpgradeToolFromArchive7211
User Tracker,User Tracker,,,,,,,,,,
User Tracker,,Test Group 1 - UserTracker Activities,,,,,,,,,
User Tracker,,Track user simultaneous logins (See Cluster Test Plan  - Test Group 5),1a,Functional,,5,,,,,Clustering#ValidateLiveUsers
User Tracker,,Track user clicks in memory (See Cluster Test Plan for clustering setup),1b,Manual,,3,,,,,
User Tracker,,Track user clicks in the database after a user’s session is invalidated (See Cluster Test Plan for clustering setup),1c,Manual,,3,,,,,
User Tracker,,Convert tracked paths to friendly URLs (See Cluster Test Plan for clustering setup),1d,Manual,,3,,,,,